Account,Name
jefe004,Jeffrey Allen
bryceis_life,Bryce Miller
bennjordann,Ben Jordan
nickmutolo12,Nick Mutolo
_alexandrejr,Marcos Alexandre
ajschechter,AJ Schechter
alejomodel23,Alejandro Garcia Cano
alexander_demirel,Alexander Demirel
arnaulloberaa,Arnau Llobera
chrisd_s,Christopher Diaz-Silveira
florianmacek,Florian Macek
florian.macekfan,Florian Macek
coopercoyle,Cooper Coyle
clarkbockelman,Clark Bockelman
Ben-Jordan-Gabe-Araujo,Ben Jordan
bodevelish,Bo Develius
bodeveliusfanpage,Bo Develius
benjordanfanpage,Ben Jordan
austinjscoggin,Austin Scoggin
benazelart,Ben Azelart
Ben Jordan,Ben Jordan
bertoldzahoran,Bertold Zahoran
charliejdixon,Charlie Dixon
alexlange,Alex Lange
matthew_pollock,Matthew Pollock
mitch.tummel,Mitch Tummel
bodeveliusph,Bo Develius
wyatt.engeman,Wyatt Engeman
theseanodonnell,Sean O'Donnell
scottclewis,Scott Lewis
jarrod_heverly,Jarrod Heverly
jan_dratwicki,Jan Dratwicki
scottmgardner1,Scott Gardner
jakob_deruyter,Jakob Deruyter
weloveflorian,Florian Macek
johnhandsom,John Hanson
knightonface,Rob Knighton
luc_coyle,Luc Coyle
matthewlogos,Matthew Logos
royvanleeuwen_97,Roy van Leeuwen
simon.mathis_,Simon Mathis
maxiwyatt,Max Wyatt
maxwyatt_,Max Wyatt
sahalperen,Alperen Sahin
jacobdooley,Jacob Dooley
chasecarpenterofficial,Chase Carpenter
rosshaslam,Ross Haslam
jackrhaslam,Jack Haslam
jordiecaskey,Jordie Caskey
rivervanderlinden,River Vanderlinden
rhetts_life,Rhett Beardemphl
lucahbl,Luca Heubl
cummings.angus,Angus Cummings
proehtwins,Austin & Alec Proeh
str0id,Patryk Stawinoga
brayden_dunbar,Brayden Dunbar
leif.offerdahl,Leif Offerdahl
patrikcvetko,Patrik Cvetko
clarkbockelman,Clark Bockelman
tatelshort,Tate Short
unknkown,unknown
alextloftus,Alex Loftus
florianmaceck,Florian Macek
eddieredmayneofficial,Eddie Redmayne
lutz_diettrich,Lutz Diettrich
mikehoffm,Mike Hoffm
tobiasrtr,Tobias Reuter
garrett.rowland,Garrett Rowland
daniel.hoppmann,Daniel Hoppmann
thomstrijd1,Thom Strijd
fabianxarnold,Fabian Arnold
vicentllorach,Vicent Llorach Gonzalez
rhetts_life,Rhett Beardemphl
matthieulange,Matthieu Lange
sergeylux,Sergio Peterimov
mitchtummel,Mitch Tummel
aidanmodeling,Aidan F
coyle_twins,Coyle Twins
_tomhutch,Tom Hutch
nils_tatum_official,Nils Tatum
neelsvisser,Neels Visser
silas.lane,Silas Lane
leostuke,Leo Stuke
florianmaxek,Florian Macek
alexbischoff,Alexander Bischoff
bodevelish,Bo Develius
bodevelius,Bo Develius
nick_wells,Nick Wells
lutzdiettrich,Lutz Diettrich
jarod_hembree,Jarod Hembree
tim.borrmann,Tim Borrmann
edumrmr,Edu Medina
itsreallyken,Brandon Cole Bailey
sebastianpeinemann,Sebastian Peinemann
tim.borrmann,Tim Borrmann
laurinkrausz,Laurin Krausz
matthew_gummo,Matthew Gummo
shaunnorthcutt,Shaun Northcutt
ladyjakubowsky,Adam Jakubowski
mslaggert,Mitchell Slaggert
rcaesthetics,Ross Cook
thewillwitt,Will Witt
jacklaugher,Jack Laugher
darrelljoness,Darrell Jones
brayrobinson,Brayden Robinson
devinmoorman,Devin Moorman
gioboyparis,Giovanni Bonamy
jordandoww,Jordan Doww
lukekorns,Luke Korns
alex_balcer_,Alex Balcer
coleton_crain,Coleton Crain
alex_balcer_,Alex Balcer
kevinwarholreal,Kevin Warhol
andrewjbraun,Andrew Braun
glenprivate,Glen Fontein
mario_rossi,Mario Rossi
edwardbayer_,Edward Bayer
isaac.buitron,Isaac Buitron
tomkipp,Tom Kipp
ronanparke121,Ronan Parke
evanpalmerofficial,Evan Palmer
bastibo2001,Bastian Bonack
jon_herrmann,Jon Herrmann
danzsolt.official,Dan Zsolt
movieman773,Bryce Miller
_bryce.and.cameron.are.bae,Bryce Miller
bryce_is_life_fp,Bryce Miller
samuelharwood1,Samuel Harwood
brentrivera,Brent Rivera
callehans,Calle Hansson
hagenrichter,Hagen Richter
mikloscs,Miklós Csépai
nick.vogt00,Nick Vogt
timozw,Timo Zwiesigk
tim_troetschel,Tim Troetschel
deanshepley,Dean Shepley
felixxarnold,Felix Arnold
sven_basquiat,Sven Basquiat
supersagenorthcutt,Sage Northcutt
_linusweber,Linus Weber
freddie_pearson,Freddie Pearson
bpikulinski,Brandon Pikulinski
tedpullin,Ted Pullin
eluanjeunet,Eluan Jeunet
charliefrederick_,Charlie Frederick
colbybrittain,Colby Brittain
augustomoraess,Augusto Moraes
tsdeslauriers,Tucker Des Lauriers
alec_ohlaker,Alec Ohlaker
alex_sewall,Alex Sewall
alexvalley,Alex Valley
coleetgen,Cole Etgen
mrblakemitchell,Blake Mitchell
valentijn_vanschaik,Valentine Vanschaik
mortennielsen_official,Morten Nielsen
jackie.kay.iii,Jackie Kay
alexvalley,Alex Valley
nick.boisseau,Nick Boisseau
ollybes,Olly Bes
timothygranaderos,imothy Granaderos
faux_jonathan,Johnny Faux
pat_mcclain33,Patrick McClain
florianmacekbackup,Florian Macek
alejandroleutscher,Alejandro Leutscher
kevin_delan,Kevin Delan
immattvetter,Matt Vetter
mitch_tummel,Mitch Tummel
timo_pierre,Timothée Collinet
modelmarkyoung,Mark Young
tony_k_panoff,Tony Panoff
aaronrbarnett,Aaron Barnett
hunter8210,Hunter Thompson
charlietaylor,Charlie Taylor
joshuarusniak,Joshua Rusniak
noah_pierce,Noah Pierce
sam.dezz,Sam Dezz
pad_mitch,Paddy Mitchell
duquenation,Trenton Duque
kunibert96,Alexander Kunert
abercrombie,Abercrombie & Fitch
aidanfaminoff,Aidan Faminoff
alex.fit.official,Alex Cypriano
,Alex Waters
alijaharrison,Alijah Harrison
andreabzzz,Andrea Moscon
,Arthur Kral
augusta_alexander,Augusta Alexander
australianfirefighterscalendar,Australian Firefighters Calendar
itsbrentcorrigan,Brent Corrigan
brunoscafidi,Bruno Scafidi
calfoster_,Cal Foster
camdenmaybin,Camden Maybin
camerondallas,Cameron Dallas
carsonaldridge,Carson Aldridge
adventuring_northwest,Christian Grace
christianlundgrenreal,Christian Lundgren
codychristian,Cody Christian
coltonlhaynes,Colton Haynes
cory_bower,Cory Bower
devonmastro,Devon Mastro
dom_blan,Dom Blanchard
d_mcneer,Dustin McNeer
dylantucktv,Dylan Tuck
edwardupcott,Edward Upcott
evanparkerxx,Evan Parker
gavinlindemuth,Gavin Lindemuth
gogetgordon,Gordon Robert Winarick
hendrikgiesler,Hendrik Giesler
hollisterco,Hollister
jack_weisensel,Jack Weisensel
jakedupree,Jake DuPree
jensenackles,Jensen Ackles
joelwillfors,Joel Willfors
johannes.brandt,Johannes Brandt
jordanv1996,Jordan Ver Hoeve
jos_schenk,Jos Schenk
joutchkov,Artem Zhuchkov
justinbieber,Justin Bieber
dj_karl_kay,Karl Kay
kylehelix,Kyle Ross
leviez_,Lev Viez
lukecolleyking,Luke Colley-King
marioadrion,Mario Adrion
marks.fitness,Mark Hickey
,Matt Charles
rhys_wakefield,Rhys Wakefield
mrrobbiedavidson,Robbie Davidson
robertearlbuckley,Robert Buckley
,Robin Rieff
sean_stahlnecker_tribute,Sean Stahlnecker
goldenspiralphotography,Shane Erickson
thedreamer_zero,Dreamer Zero
shawnmendes,Shawn Mendes
adventuretom_e,Thomas Adventure
,Travis Stevens
diemvinci,Vinci Twins
,Will Dailey
,Wyatt Vinci
zachgrenenger,Zach Grenenger
,Zach Vinci
,Ben (Pantelis)
austinbutler,Austin Butler
chadmichaelmurray,Chad Michael Murray
,Charlie and Max Carver
Ethan Haarala,Ethan Haarala
idrisrezai,Idris Rezai
joshuathifault,Joshua Thifault
larsonrainier,Larson Rainier
lucastill,Lucas Till
renancorbani,Renan Corbani
sascha__wolf,Sascha Wolf
timothygranaderos,Timothy Granaderos
trevmitchell_,Trevor Mitchell
ethan.haarala,Ethan Haarala
scottmorton_m,Scott Morton
stefanpetrov,Stefan Petrov
dylangeick,Dylan Steven Geick
lucacoyle,Luca Coyle
benjaminbenedek,Benjamin Benedek
michael_schumy,Michael Schumy
dream0fzero,Shane Hall
brentrrivera,Brent Rivera
danigarcii4,Dani Garcia
florianssdessert,Florian Macek
sven_basquiat_real,Sven Basquiat
antonielokhorst,Antonie Lokhorst
j.ulianwei,Julian Wei
ron_.levi,Ron Levi
arvidhestner,Arvid Hestner
christianbuur,Christian Buur
connorhaddadin,Connor Haddadin
daniel.vegas,Daniel Vegas
danjoryan,Daniel Ryan
florianmycake,Florian Macek
gabriel_riccieri,Gabriel Riccieri
harryrowley,Harry Rowley
jai.bower,Jai Bower
jarrodvandergrifft,Jarrod Vandergrifft
jellejoly,Jelle Joly
julian_weischenberg,Julian Weischenberg
luk.hajek,Lukas Hajek
lukaszgler,Lukas Ziegler
marex_1996,Marek Wilinski
moritz_hau,Moritz Hau
oliversvejse,Oliver Svejstrup Brynnum
ron.levi,Ron Levi
rubencubillas,Ruben Cubillas
timtroetschel_visuals,Tim Troetschel
victor_perr,Victor Perr
walkerfarrar,Walker Lane Farrar
xleox.onlyfans,Leonhard Stuke
zachhcox,Zach Cox
zsombor_hajdu,ZSombor Hajdu
carter.liechty,Carter Liechty
codysimpson,Cody Simpson
drew_hanley,Drew Hanley
edwardbayer,Edward James Bayer
iamxleox,Leonhard Stuke
maxwyatt,Max Wyatt
morten_nielsen,Morten Nielsen
spencercrofoot,Spencer Crofoot
_hudsonhill,Hudson Hill
adrianrmski,Adrian Rmski
aidan.gall,Aiden Gall
calfoster,Cal Foster
jasper_roosendaal,Jasper Roosendaal
kevinhubsmith,Kevin Hubsmith
oscarwadsager,Oscar Wadsager
rylangurski,Rylan Gurski
seaneri,Sean Ely
adammoia,Addam Moia
jacobalexandertackett,Jacob Alexander Tackett
alexanderbreck,Alexander Breck
murrayswanbyla,Murray Swanby
adammoia,Adam Moia
coolcatcorey,Corey Watson Turner
australian_child,Bray McCarthy
barbesoledouard,Edouard Barbesol
adrian_krzyzanski,Adrian Krzyzanski
arniewatkins,Arnie Watkins
kevinrasmussenfitness,Kevin Rasmussen
lkatinas,Lukas Katinas
logan_peak,Logan Peak
marleekbell,Jeffrey Allen
nick_swafford,Nick Swafford
prasadromijn,Prasad Romijn
soeren_rask,Soren Rask
therealtitus,Titus Adkins
kyle_lindey,Kyle Lindey
alexander_taptsov,Alexander Taptsov
samuelharwood,Samuel Harwood
sethashleyfish,Seth Ashley
tarasromaniv,Taras Romanov
trevmitchell,Trevor Mitchell
Niklas Mohlfeld,Niklas Mohlfeld
benjamincotte,Benjamin Cotte
cermak.jozef,Jozef Cermak
corentinhuard,Corentin Huard
daelemanssylvain,Sylvain Daelemans
onlycast,Andrea Castaldini
kamil_szymczak,Kamil Szymczak
lucas_sweeney,Lucas Sweeney
neels,Neels Visser
itsalexsampson,Alex Sampson
reisescups,Reise Dozier
stevenchevrin,Steven Chevrin
andreikuchma,Andrei Kuchma
c_eduardorosa,Eduardo Rosa
louisdanielbotha,Louis Botha
oliver_stummvoll,Oliver Stummvoll
nicwestaway,Nic Westaway
spencerjamesn,Spencer James
wiinkalicious,Matt Wiinkalicious
dhood84,Don Hood
alecohlakerfilms,Alec Ohlaker
alastair.tennant,Alastair Finn Tennant
jacobfiles,Jacob Files
joncecroft,Jonce Croft
masonmckenrick,Mason McKenrick
zachhartman1,Zach Hartman
benjaminlfisher,Benjamin Fisher
,Evan Peters
jacobmlewandowski,Jacob M Lewandowski
dylansprayberry,Dylan Sprayberry
