Account,Name
jefe004,Jeffrey Allen
bryceis_life,Bryce Miller
bennjordann,Ben Jordan
nickmutolo12,Nick Mutolo
_alexandrejr,Marcos Alexandre
ajschechter,AJ Schechter
alejomodel23,Alejandro Garcia Cano
alexander_demirel,Alexander Demirel
arnaulloberaa,Arnau Llobera
chrisd_s,Christopher Diaz-Silveira
florianmacek,Florian Macek
florian.macekfan,Florian Macek
coopercoyle,Cooper Coyle
clarkbockelman,Clark Bockelman
Ben-Jordan-Gabe-Araujo,Ben Jordan
bodevelish,Bo Develius
bodeveliusfanpage,Bo Develius
benjordanfanpage,Ben Jordan
austinjscoggin,Austin Scoggin
benazelart,Ben Azelart
Ben Jordan,Ben Jordan
bertoldzahoran,Bertold Zahoran
charliejdixon,Charlie Dixon
alexlange,Alex Lange
matthew_pollock,Matthew Pollock
mitch.tummel,Mitch Tummel
bodeveliusph,Bo Develius
wyatt.engeman,Wyatt Engeman
theseanodonnell,Sean O'Donnell
scottclewis,Scott Lewis
jarrod_heverly,Jarrod Heverly
jan_dratwicki,Jan Dratwicki
scottmgardner1,Scott Gardner
jakob_deruyter,Jakob Deruyter
weloveflorian,Florian Macek
johnhandsom,John Hanson
knightonface,Rob Knighton
luc_coyle,Luc Coyle
matthewlogos,Matthew Logos
royvanleeuwen_97,Roy van Leeuwen
simon.mathis_,Simon Mathis
maxiwyatt,Max Wyatt
maxwyatt_,Max Wyatt
sahalperen,Alperen Sahin
jacobdooley,Jacob Dooley
chasecarpenterofficial,Chase Carpenter
rosshaslam,Ross Haslam
jackrhaslam,Jack Haslam
jordiecaskey,Jordie Caskey
rivervanderlinden,River Vanderlinden
rhetts_life,Rhett Beardemphl
lucahbl,Luca Heubl
cummings.angus,Angus Cummings
proehtwins,Austin & Alec Proeh
str0id,Patryk Stawinoga
brayden_dunbar,Brayden Dunbar
leif.offerdahl,Leif Offerdahl
patrikcvetko,Patrik Cvetko
clarkbockelman,Clark Bockelman
tatelshort,Tate Short
unknkown,unknown
alextloftus,Alex Loftus
florianmaceck,Florian Macek
eddieredmayneofficial,Eddie Redmayne
lutz_diettrich,Lutz Diettrich
mikehoffm,Mike Hoffm
tobiasrtr,Tobias Reuter
garrett.rowland,Garrett Rowland
daniel.hoppmann,Daniel Hoppmann
thomstrijd1,Thom Strijd
fabianxarnold,Fabian Arnold
vicentllorach,Vicent Llorach Gonzalez
rhetts_life,Rhett Beardemphl
matthieulange,Matthieu Lange
sergeylux,Sergio Peterimov
mitchtummel,Mitch Tummel
aidanmodeling,Aidan F
coyle_twins,Coyle Twins
_tomhutch,Tom Hutch
nils_tatum_official,Nils Tatum
neelsvisser,Neels Visser
silas.lane,Silas Lane
leostuke,Leo Stuke
florianmaxek,Florian Macek
alexbischoff,Alexander Bischoff
bodevelish,Bo Develius
bodevelius,Bo Develius
nick_wells,Nick Wells
lutzdiettrich,Lutz Diettrich
jarod_hembree,Jarod Hembree
tim.borrmann,Tim Borrmann
edumrmr,Edu Medina
itsreallyken,Brandon Cole Bailey (itsreallyken)
sebastianpeinemann,Sebastian Peinemann
tim.borrmann,Tim Borrmann
laurinkrausz,Laurin Krausz
matthew_gummo,Matthew Gummo
shaunnorthcutt,Shaun Northcutt
ladyjakubowsky,Adam Jakubowski
mslaggert,Mitchell Slaggert
rcaesthetics,Ross Cook
thewillwitt,Will Witt
